<?xml version="1.0" encoding="UTF-8"?>
<project-private xmlns="http://www.netbeans.org/ns/project-private/1">
    <data xmlns="http://www.netbeans.org/ns/make-project-private/1">
        <activeConfTypeElem>1</activeConfTypeElem>
        <activeConfIndexElem>0</activeConfIndexElem>
    </data>
    <editor-bookmarks xmlns="http://www.netbeans.org/ns/editor-bookmarks/2" lastBookmarkId="0"/>
    <open-files xmlns="http://www.netbeans.org/ns/projectui-open-files/2">
        <group>
            <file>file:/C:/Users/Catherine/Documents/School/Fall%202020/CIS%2017A/WallinCatherine_CIS17A_49285/Final/Final/SavingsAccount.cpp</file>
            <file>file:/C:/Users/Catherine/Documents/School/Fall%202020/CIS%2017A/WallinCatherine_CIS17A_49285/Final/Final/Prob1Random.h</file>
            <file>file:/C:/Users/Catherine/Documents/School/Fall%202020/CIS%2017A/WallinCatherine_CIS17A_49285/Final/Final/Prob3Table.h</file>
            <file>file:/C:/Users/Catherine/Documents/School/Fall%202020/CIS%2017A/WallinCatherine_CIS17A_49285/Final/Final/SavingsAccount.h</file>
            <file>file:/C:/Users/Catherine/Documents/School/Fall%202020/CIS%2017A/WallinCatherine_CIS17A_49285/Final/Final/Prob3TableInherited.h</file>
            <file>file:/C:/Users/Catherine/Documents/School/Fall%202020/CIS%2017A/WallinCatherine_CIS17A_49285/Final/Final/Prob2Sort.tcc</file>
            <file>file:/C:/Users/Catherine/Documents/School/Fall%202020/CIS%2017A/WallinCatherine_CIS17A_49285/Final/Final/Prob3Table.tcc</file>
            <file>file:/C:/Users/Catherine/Documents/School/Fall%202020/CIS%2017A/WallinCatherine_CIS17A_49285/Final/Final/EmployeeClass.h</file>
            <file>file:/C:/Users/Catherine/Documents/School/Fall%202020/CIS%2017A/WallinCatherine_CIS17A_49285/Final/Final/main.cpp</file>
            <file>file:/C:/Users/Catherine/Documents/School/Fall%202020/CIS%2017A/WallinCatherine_CIS17A_49285/Final/Final/Prob3TableInherited.tcc</file>
            <file>file:/C:/Users/Catherine/Documents/School/Fall%202020/CIS%2017A/WallinCatherine_CIS17A_49285/Final/Final/Prob2Sort.h</file>
            <file>file:/C:/Users/Catherine/Documents/School/Fall%202020/CIS%2017A/WallinCatherine_CIS17A_49285/Final/Final/Prob1Random.cpp</file>
            <file>file:/C:/Users/Catherine/Documents/School/Fall%202020/CIS%2017A/WallinCatherine_CIS17A_49285/Final/Final/EmployeeClass.cpp</file>
        </group>
    </open-files>
</project-private>
